Workbook

Sheet Sheet1
A1: No. | B1: Garage DMUs | C1: Staff (I) | D1: Show room space (100 m2) (I) | E1: Population in category 1 (1000 s) (I) | F1: Population in category 2 (1000 s) (I) | G1: Enquiries Alpha model (100 s) (I) | H1: Enquiries Beta model (100 s) (I) | I1: Alpha sales (1000 s) (O) | J1: Beta sales (1000 s) (O) | K1: Profit (millions) (O)
A2: 1 | B2: Winchester | C2: 7 | D2: 8 | E2: 10 | F2: 12 | G2: 8.5 | H2: 4 | I2: 2 | J2: 0.6 | K2: 1.5
A3: 2 | B3: Andover | C3: 6 | D3: 6 | E3: 20 | F3: 30 | G3: 9 | H3: 4.5 | I3: 2.3 | J3: 0.7 | K3: 1.6
A4: 3 | B4: Basingstoke | C4: 2 | D4: 3 | E4: 40 | F4: 40 | G4: 2 | H4: 1.5 | I4: 0.8 | J4: 0.25 | K4: 0.5
A5: 4 | B5: Poole | C5: 14 | D5: 9 | E5: 20 | F5: 25 | G5: 10 | H5: 6 | I5: 2.6 | J5: 0.86 | K5: 1.9
A6: 5 | B6: Woking | C6: 10 | D6: 9 | E6: 10 | F6: 10 | G6: 11 | H6: 5 | I6: 2.4 | J6: 1 | K6: 2
A7: 6 | B7: Newbury | C7: 24 | D7: 15 | E7: 15 | F7: 13 | G7: 25 | H7: 1.9 | I7: 8 | J7: 2.6 | K7: 4.5
A8: 7 | B8: Portsmouth | C8: 6 | D8: 7 | E8: 50 | F8: 40 | G8: 8.5 | H8: 3 | I8: 2.5 | J8: 0.9 | K8: 1.6
A9: 8 | B9: Alresford | C9: 8 | D9: 7.5 | E9: 5 | F9: 8 | G9: 9 | H9: 4 | I9: 2.1 | J9: 0.85 | K9: 2
A10: 9 | B10: Salisbury | C10: 5 | D10: 5 | E10: 10 | F10: 10 | G10: 5 | H10: 2.5 | I10: 2 | J10: 0.65 | K10: 0.9
A11: 10 | B11: Guildford | C11: 8 | D11: 10 | E11: 30 | F11: 35 | G11: 9.5 | H11: 4.5 | I11: 2.05 | J11: 0.75 | K11: 1.7
A12: 11 | B12: Alton | C12: 7 | D12: 8 | E12: 7 | F12: 8 | G12: 3 | H12: 2 | I12: 1.9 | J12: 0.7 | K12: 0.5
A13: 12 | B13: Weybridge | C13: 5 | D13: 6.5 | E13: 9 | F13: 12 | G13: 8 | H13: 4.5 | I13: 1.8 | J13: 0.63 | K13: 1.4
... A29: 28 | B29: Ringwood | C29: 2 | D29: 3.5 | E29: 2 | F29: 2 | G29: 1.9 | H29: 1.2 | I29: 0.3 | J29: 0.09 | K29: 0.4

Sheet Sheet2
B1: Staff (I) | C1: Show room space (100 m2) (I) | D1: Population in category 1 (1000 s) (I) | E1: Population in category 2 (1000 s) (I) | F1: Enquiries Alpha model (100 s) (I) | G1: Enquiries Beta model (100 s) (I) | I1: Alpha sales (1000 s) (O) | J1: Beta sales (1000 s) (O) | K1: Profit (millions) (O)
A2: Standard Dev. | B2: =STDEV(Sheet1!C2:C29) -> 7.6216761 | C2: =STDEV(Sheet1!D2:D29) -> 5.2396938 | D2: =STDEV(Sheet1!E2:E29) -> 32.300343 | E2: =STDEV(Sheet1!F2:F29) -> 20.617293 | F2: =STDEV(Sheet1!G2:G29) -> 8.2032159 | G2: =STDEV(Sheet1!H2:H29) -> 4.126383 | H2: Standard Dev. | I2: =STDEV(Sheet1!I2:I29) -> 2.0971092 | J2: =STDEV(Sheet1!J2:J29) -> 0.91320906 | K2: =STDEV(Sheet1!K2:K29) -> 1.702624
A3: Mean | B3: =AVERAGE(Sheet1!C2:C29) -> 9.3571429 | C3: =AVERAGE(Sheet1!D2:D29) -> 8.0571429 | D3: =AVERAGE(Sheet1!E2:E29) -> 21.857143 | E3: =AVERAGE(Sheet1!F2:F29) -> 18.464286 | F3: =AVERAGE(Sheet1!G2:G29) -> 10.264286 | G3: =AVERAGE(Sheet1!H2:H29) -> 4.95 | H3: Mean | I3: =AVERAGE(Sheet1!I2:I29) -> 2.6017857 | J3: =AVERAGE(Sheet1!J2:J29) -> 0.93785714 | K3: =AVERAGE(Sheet1!K2:K29) -> 2.0321429
A4: CV | B4: =B2/B3 -> 0.81453027 | C4: =C2/C3 -> 0.65031661 | D4: =D2/D3 -> 1.4777935 | E4: =E2/E3 -> 1.1166039 | F4: =F2/F3 -> 0.79919988 | G4: =G2/G3 -> 0.83361274 | H4: CV | I4: =I2/I3 -> 0.80602688 | J4: =J2/J3 -> 0.97371873 | K4: =K2/K3 -> 0.83784662
